State,County,Affordability
AL,Autauga County,1.189
AL,Baldwin County,1.207
AL,Barbour County,0.958
AL,Bibb County,1.062
AL,Blount County,1.071
AL,Bullock County,0.669
AL,Butler County,0.943
AL,Calhoun County,1.098
AL,Chambers County,0.937
AL,Cherokee County,1.09
AL,Chilton County,1.117
AL,Choctaw County,1.058
AL,Clarke County,1.019
AL,Clay County,1.007
AL,Cleburne County,1.183
AL,Coffee County,1.203
AL,Colbert County,1.046
AL,Conecuh County,0.865
AL,Coosa County,1.051
AL,Covington County,1.071
AL,Crenshaw County,1.121
AL,Cullman County,1.101
AL,Dale County,1.118
AL,Dallas County,0.86
AL,DeKalb County,1.02
AL,Elmore County,1.23
AL,Escambia County,0.93
AL,Etowah County,1.105
AL,Fayette County,1.033
AL,Franklin County,0.992
AL,Geneva County,1.006
AL,Greene County,0.811
AL,Hale County,0.988
AL,Henry County,1.18
AL,Houston County,1.168
AL,Jackson County,1.041
AL,Jefferson County,1.126
AL,Lamar County,1.044
AL,Lauderdale County,1.19
AL,Lawrence County,1.105
AL,Lee County,1.197
AL,Limestone County,1.325
AL,Lowndes County,0.771
AL,Macon County,0.809
AL,Madison County,1.384
AL,Marengo County,1.102
AL,Marion County,1.064
AL,Marshall County,1.224
AL,Mobile County,1.055
AL,Monroe County,0.94
AL,Montgomery County,1.07
AL,Morgan County,1.202
AL,Perry County,0.655
AL,Pickens County,0.939
AL,Pike County,1.089
AL,Randolph County,1.044
AL,Russell County,0.913
AL,St. Clair County,1.11
AL,Shelby County,1.407
AL,Sumter County,0.739
AL,Talladega County,1.115
AL,Tallapoosa County,0.981
AL,Tuscaloosa County,1.202
AL,Walker County,1.096
AL,Washington County,1.14
AL,Wilcox County,0.711
AL,Winston County,0.974
AK,Aleutians East Borough,0.956
AK,Aleutians West Census Area,1.254
AK,Anchorage Municipality,1.318
AK,Bethel Census Area,0.74
AK,Bristol Bay Borough,1.228
AK,Chugach Census Area,1.256
AK,Copper River Census Area,1.271
AK,Denali Borough,1.635
AK,Dillingham Census Area,0.904
AK,Fairbanks North Star Borough,1.121
AK,Haines Borough,1.218
AK,Hoonah-Angoon Census Area,0.952
AK,Juneau City and Borough,1.266
AK,Kenai Peninsula Borough,1.217
AK,Ketchikan Gateway Borough,1.257
AK,Kodiak Island Borough,1.132
AK,Kusilvak Census Area,0.599
AK,Lake and Peninsula Borough,0.911
AK,Matanuska-Susitna Borough,1.211
AK,Nome Census Area,0.833
AK,North Slope Borough,1.07
AK,Northwest Arctic Borough,0.888
AK,Petersburg Borough,1.08
AK,Prince of Wales-Hyder Census Area,0.975
AK,Sitka City and Borough,1.268
AK,Skagway Municipality,1.303
AK,Southeast Fairbanks Census Area,0.97
AK,Wrangell City and Borough,0.984
AK,Yakutat City and Borough,0.958
AK,Yukon-Koyukuk Census Area,0.822
AZ,Apache County,0.626
AZ,Cochise County,1.074
AZ,Coconino County,1.003
AZ,Gila County,0.958
AZ,Graham County,1.023
AZ,Greenlee County,1.157
AZ,La Paz County,0.818
AZ,Maricopa County,1.146
AZ,Mohave County,0.859
AZ,Navajo County,0.783
AZ,Pima County,1.188
AZ,Pinal County,1.023
AZ,Santa Cruz County,0.992
AZ,Yavapai County,0.949
AZ,Yuma County,0.851
AR,Arkansas County,1.232
AR,Ashley County,1.023
AR,Baxter County,1.01
AR,Benton County,1.394
AR,Boone County,1.13
AR,Bradley County,1.015
AR,Calhoun County,1.067
AR,Carroll County,1.176
AR,Chicot County,0.919
AR,Clark County,1.124
AR,Clay County,1.037
AR,Cleburne County,1.061
AR,Cleveland County,1.169
AR,Columbia County,0.998
AR,Conway County,1.056
AR,Craighead County,1.157
AR,Crawford County,1.056
AR,Crittenden County,0.97
AR,Cross County,1.057
AR,Dallas County,1.216
AR,Desha County,0.855
AR,Drew County,1.073
AR,Faulkner County,1.213
AR,Franklin County,1.158
AR,Fulton County,0.866
AR,Garland County,1.076
AR,Grant County,1.299
AR,Greene County,1.079
AR,Hempstead County,1.017
AR,Hot Spring County,1.089
AR,Howard County,0.975
AR,Independence County,1.073
AR,Izard County,0.976
AR,Jackson County,1.003
AR,Jefferson County,1.031
AR,Johnson County,0.902
AR,Lafayette County,0.984
AR,Lawrence County,0.978
AR,Lee County,0.877
AR,Lincoln County,1.068
AR,Little River County,1.221
AR,Logan County,1.104
AR,Lonoke County,1.249
AR,Madison County,0.933
AR,Marion County,0.909
AR,Miller County,0.959
AR,Mississippi County,1.101
AR,Monroe County,1.185
AR,Montgomery County,0.935
AR,Nevada County,0.791
AR,Newton County,1.1
AR,Ouachita County,1.06
AR,Perry County,1.075
AR,Phillips County,0.886
AR,Pike County,1.083
AR,Poinsett County,0.947
AR,Polk County,1.028
AR,Pope County,1.088
AR,Prairie County,1.297
AR,Pulaski County,1.217
AR,Randolph County,1.016
AR,St. Francis County,0.841
AR,Saline County,1.33
AR,Scott County,1.047
AR,Searcy County,0.878
AR,Sebastian County,1.089
AR,Sevier County,0.989
AR,Sharp County,0.969
AR,Stone County,0.866
AR,Union County,1.077
AR,Van Buren County,1.014
AR,Washington County,1.209
AR,White County,1.094
AR,Woodruff County,1.091
AR,Yell County,1.099
CA,Alameda County,1.29
CA,Alpine County,1.33
CA,Amador County,1.137
CA,Butte County,1.018
CA,Calaveras County,1.019
CA,Colusa County,1.04
CA,Contra Costa County,1.199
CA,Del Norte County,0.963
CA,El Dorado County,1.23
CA,Fresno County,1.004
CA,Glenn County,0.998
CA,Humboldt County,0.95
CA,Imperial County,0.829
CA,Inyo County,0.969
CA,Kern County,0.957
CA,Kings County,0.954
CA,Lake County,0.943
CA,Lassen County,0.858
CA,Los Angeles County,0.958
CA,Madera County,0.981
CA,Marin County,1.359
CA,Mariposa County,0.917
CA,Mendocino County,0.932
CA,Merced County,0.888
CA,Modoc County,0.786
CA,Mono County,1.012
CA,Monterey County,0.848
CA,Napa County,1.061
CA,Nevada County,1.076
CA,Orange County,1.106
CA,Placer County,1.239
CA,Plumas County,1.06
CA,Riverside County,1.067
CA,Sacramento County,1.065
CA,San Benito County,1.06
CA,San Bernardino County,1.011
CA,San Diego County,1.044
CA,San Francisco County,1.265
CA,San Joaquin County,1.064
CA,San Luis Obispo County,1.089
CA,San Mateo County,1.224
CA,Santa Barbara County,0.893
CA,Santa Clara County,1.403
CA,Santa Cruz County,0.975
CA,Shasta County,1.002
CA,Sierra County,0.831
CA,Siskiyou County,0.864
CA,Solano County,1.112
CA,Sonoma County,1.073
CA,Stanislaus County,1.044
CA,Sutter County,1.025
CA,Tehama County,0.926
CA,Trinity County,0.779
CA,Tulare County,0.915
CA,Tuolumne County,1.098
CA,Ventura County,1.034
CA,Yolo County,1.124
CA,Yuba County,0.969
CO,Adams County,1.069
CO,Alamosa County,0.893
CO,Arapahoe County,1.225
CO,Archuleta County,0.973
CO,Baca County,0.99
CO,Bent County,0.808
CO,Boulder County,1.37
CO,Broomfield County,1.528
CO,Chaffee County,1.058
CO,Cheyenne County,1.314
CO,Clear Creek County,1.391
CO,Conejos County,0.882
CO,Costilla County,0.687
CO,Crowley County,0.843
CO,Custer County,0.974
CO,Delta County,0.973
CO,Denver County,1.185
CO,Dolores County,1.292
CO,Douglas County,1.529
CO,Eagle County,1.148
CO,Elbert County,1.483
CO,El Paso County,1.119
CO,Fremont County,1.013
CO,Garfield County,1.15
CO,Gilpin County,1.267
CO,Grand County,1.197
CO,Gunnison County,1.402
CO,Hinsdale County,0.918
CO,Huerfano County,0.944
CO,Jackson County,0.698
CO,Jefferson County,1.339
CO,Kiowa County,0.874
CO,Kit Carson County,0.986
CO,Lake County,1.205
CO,La Plata County,1.175
CO,Larimer County,1.218
CO,Las Animas County,0.926
CO,Lincoln County,1.255
CO,Logan County,1.1
CO,Mesa County,1.16
CO,Mineral County,0.788
CO,Moffat County,0.996
CO,Montezuma County,0.975
CO,Montrose County,1.042
CO,Morgan County,1.111
CO,Otero County,0.941
CO,Ouray County,0.975
CO,Park County,1.1
CO,Phillips County,1.015
CO,Pitkin County,1.218
CO,Prowers County,0.951
CO,Pueblo County,1.039
CO,Rio Blanco County,1.14
CO,Rio Grande County,1.144
CO,Routt County,1.2
CO,Saguache County,0.855
CO,San Juan County,0.824
CO,San Miguel County,1.029
CO,Sedgwick County,1.084
CO,Summit County,1.155
CO,Teller County,0.997
CO,Washington County,1.003
CO,Weld County,1.28
CO,Yuma County,1.01
CT,Fairfield County,0.91
CT,Hartford County,1.191
CT,Litchfield County,1.293
CT,Middlesex County,0.998
CT,New Haven County,1.024
CT,New London County,1.35
CT,Tolland County,0.931
CT,Windham County,0.869
DE,Kent County,1.268
DE,New Castle County,0.933
DE,Sussex County,1.582
DC,District of Columbia,0.771
FL,Alachua County,1.072
FL,Baker County,1.072
FL,Bay County,0.787
FL,Bradford County,1.141
FL,Brevard County,0.99
FL,Broward County,0.698
FL,Calhoun County,0.978
FL,Charlotte County,0.792
FL,Citrus County,1.206
FL,Clay County,1.134
FL,Collier County,0.735
FL,Columbia County,0.655
FL,DeSoto County,0.73
FL,Dixie County,1.097
FL,Duval County,0.971
FL,Escambia County,0.938
FL,Flagler County,0.744
FL,Franklin County,0.867
FL,Gadsden County,0.857
FL,Gilchrist County,0.76
FL,Glades County,0.861
FL,Gulf County,0.761
FL,Hamilton County,0.758
FL,Hardee County,0.692
FL,Hendry County,0.983
FL,Hernando County,0.728
FL,Highlands County,1.189
FL,Hillsborough County,0.675
FL,Holmes County,1.175
FL,Indian River County,0.76
FL,Jackson County,1.019
FL,Jefferson County,0.961
FL,Lafayette County,0.984
FL,Lake County,1.008
FL,Lee County,1.042
FL,Leon County,0.693
FL,Levy County,0.692
FL,Liberty County,0.789
FL,Madison County,1.176
FL,Manatee County,0.74
FL,Marion County,1.257
FL,Martin County,0.764
FL,Miami-Dade County,1.057
FL,Monroe County,0.858
FL,Nassau County,1.048
FL,Okaloosa County,0.676
FL,Okeechobee County,1.046
FL,Orange County,0.754
FL,Osceola County,1.049
FL,Palm Beach County,0.776
FL,Pasco County,0.963
FL,Pinellas County,0.781
FL,Polk County,0.713
FL,Putnam County,1.728
FL,St. Johns County,0.769
FL,St. Lucie County,1.051
FL,Santa Rosa County,1.066
FL,Sarasota County,1.018
FL,Seminole County,0.887
FL,Sumter County,0.82
FL,Suwannee County,0.809
FL,Taylor County,0.859
FL,Union County,1.019
FL,Volusia County,1.048
FL,Wakulla County,1.1
FL,Walton County,0.663
FL,Washington County,0.821
GA,Appling County,0.76
GA,Atkinson County,0.809
GA,Bacon County,0.937
GA,Baker County,1.108
GA,Baldwin County,0.963
GA,Banks County,1.184
GA,Barrow County,0.873
GA,Bartow County,0.571
GA,Ben Hill County,0.899
GA,Berrien County,0.984
GA,Bibb County,0.908
GA,Bleckley County,0.874
GA,Brantley County,0.859
GA,Brooks County,1.492
GA,Bryan County,0.729
GA,Bulloch County,0.783
GA,Burke County,0.903
GA,Butts County,0.594
GA,Calhoun County,1.081
GA,Camden County,0.602
GA,Candler County,1.098
GA,Carroll County,0.998
GA,Catoosa County,0.743
GA,Charlton County,1.189
GA,Chatham County,0.695
GA,Chattahoochee County,0.686
GA,Chattooga County,1.769
GA,Cherokee County,0.647
GA,Clarke County,0.404
GA,Clay County,0.922
GA,Clayton County,0.593
GA,Clinch County,1.702
GA,Cobb County,0.576
GA,Coffee County,0.814
GA,Colquitt County,1.647
GA,Columbia County,0.632
GA,Cook County,1.53
GA,Coweta County,0.777
GA,Crawford County,0.679
GA,Crisp County,1.061
GA,Dade County,1.276
GA,Dawson County,0.675
GA,Decatur County,1.404
GA,DeKalb County,0.621
GA,Dodge County,0.929
GA,Dooly County,0.825
GA,Dougherty County,1.249
GA,Douglas County,0.543
GA,Early County,0.937
GA,Echols County,1.378
GA,Effingham County,0.638
GA,Elbert County,0.759
GA,Emanuel County,0.898
GA,Evans County,1.051
GA,Fannin County,1.823
GA,Fayette County,0.691
GA,Floyd County,1.932
GA,Forsyth County,0.592
GA,Franklin County,1.698
GA,Fulton County,0.755
GA,Gilmer County,1.187
GA,Glascock County,1.094
GA,Glynn County,0.801
GA,Gordon County,0.915
GA,Grady County,1.242
GA,Greene County,1.337
GA,Gwinnett County,0.742
GA,Habersham County,1.296
GA,Hall County,0.631
GA,Hancock County,1.038
GA,Haralson County,1.544
GA,Harris County,0.836
GA,Hart County,1.119
GA,Heard County,1.333
GA,Henry County,0.896
GA,Houston County,0.841
GA,Irwin County,1.325
GA,Jackson County,0.866
GA,Jasper County,0.627
GA,Jeff Davis County,0.802
GA,Jefferson County,0.675
GA,Jenkins County,0.879
GA,Johnson County,1.106
GA,Jones County,1.053
GA,Lamar County,0.877
GA,Lanier County,0.773
GA,Laurens County,1.408
GA,Lee County,0.767
GA,Liberty County,0.897
GA,Lincoln County,0.967
GA,Long County,0.918
GA,Lowndes County,1.065
GA,Lumpkin County,0.83
GA,McDuffie County,1.077
GA,McIntosh County,0.734
GA,Macon County,0.983
GA,Madison County,0.855
GA,Marion County,0.81
GA,Meriwether County,0.9
GA,Miller County,0.729
GA,Mitchell County,1.418
GA,Monroe County,0.855
GA,Montgomery County,1.332
GA,Morgan County,0.817
GA,Murray County,0.983
GA,Muscogee County,0.985
GA,Newton County,1.439
GA,Oconee County,0.79
GA,Oglethorpe County,1.179
GA,Paulding County,0.733
GA,Peach County,1.196
GA,Pickens County,0.786
GA,Pierce County,1.444
GA,Pike County,0.806
GA,Polk County,0.998
GA,Pulaski County,1.088
GA,Putnam County,0.689
GA,Quitman County,0.893
GA,Rabun County,0.628
GA,Randolph County,0.896
GA,Richmond County,1.04
GA,Rockdale County,0.644
GA,Schley County,0.947
GA,Screven County,0.745
GA,Seminole County,0.981
GA,Spalding County,0.887
GA,Stephens County,0.739
GA,Stewart County,0.841
GA,Sumter County,0.846
GA,Talbot County,0.759
GA,Taliaferro County,0.885
GA,Tattnall County,0.754
GA,Taylor County,0.554
GA,Telfair County,0.753
GA,Terrell County,0.975
GA,Thomas County,0.891
GA,Tift County,0.965
GA,Toombs County,0.953
GA,Towns County,0.867
GA,Treutlen County,1.021
GA,Troup County,0.773
GA,Turner County,0.97
GA,Twiggs County,1.011
GA,Union County,0.94
GA,Upson County,1.01
GA,Walker County,1.155
GA,Walton County,0.675
GA,Ware County,0.811
GA,Warren County,0.821
GA,Washington County,0.965
GA,Wayne County,0.916
GA,Webster County,0.818
GA,Wheeler County,1.072
GA,White County,0.98
GA,Whitfield County,0.812
GA,Wilcox County,0.981
GA,Wilkes County,0.858
GA,Wilkinson County,0.91
GA,Worth County,1.283
HI,Hawaii County,1.188
HI,Honolulu County,1.291
HI,Kalawao County,1.001
HI,Kauai County,0.893
HI,Maui County,0.849
ID,Ada County,0.752
ID,Adams County,1.022
ID,Bannock County,1.103
ID,Bear Lake County,0.851
ID,Benewah County,0.984
ID,Bingham County,1.17
ID,Blaine County,0.902
ID,Boise County,0.906
ID,Bonner County,1.098
ID,Bonneville County,0.945
ID,Boundary County,0.82
ID,Butte County,0.859
ID,Camas County,0.848
ID,Canyon County,0.961
ID,Caribou County,0.901
ID,Cassia County,0.945
ID,Clark County,0.906
ID,Clearwater County,0.781
ID,Custer County,0.741
ID,Elmore County,1.057
ID,Franklin County,0.993
ID,Fremont County,0.903
ID,Gem County,0.919
ID,Gooding County,0.839
ID,Idaho County,1.021
ID,Jefferson County,0.908
ID,Jerome County,1.056
ID,Kootenai County,1.006
ID,Latah County,0.88
ID,Lemhi County,0.831
ID,Lewis County,0.811
ID,Lincoln County,0.676
ID,Madison County,0.938
ID,Minidoka County,1.238
ID,Nez Perce County,0.897
ID,Oneida County,0.8
ID,Owyhee County,0.982
ID,Payette County,0.95
ID,Power County,0.815
ID,Shoshone County,1.407
ID,Teton County,0.789
ID,Twin Falls County,1.198
ID,Valley County,0.716
ID,Washington County,1.108
IL,Adams County,0.698
IL,Alexander County,1.109
IL,Bond County,1.184
IL,Boone County,1.119
IL,Brown County,1.073
IL,Bureau County,1.182
IL,Calhoun County,1.03
IL,Carroll County,0.925
IL,Cass County,1.29
IL,Champaign County,0.882
IL,Christian County,1.03
IL,Clark County,0.852
IL,Clay County,1.168
IL,Clinton County,0.888
IL,Coles County,1.24
IL,Cook County,0.836
IL,Crawford County,1.052
IL,Cumberland County,1.213
IL,DeKalb County,0.857
IL,De Witt County,1.039
IL,Douglas County,1.69
IL,DuPage County,0.756
IL,Edgar County,1.085
IL,Edwards County,1.06
IL,Effingham County,0.83
IL,Fayette County,0.97
IL,Ford County,0.804
IL,Franklin County,0.943
IL,Fulton County,0.82
IL,Gallatin County,0.846
IL,Greene County,1.353
IL,Grundy County,0.9
IL,Hamilton County,0.954
IL,Hancock County,1.022
IL,Hardin County,0.877
IL,Henderson County,1.129
IL,Henry County,1.034
IL,Iroquois County,0.904
IL,Jackson County,0.984
IL,Jasper County,0.876
IL,Jefferson County,1.219
IL,Jersey County,1.143
IL,Jo Daviess County,0.937
IL,Johnson County,1.325
IL,Kane County,0.889
IL,Kankakee County,1.536
IL,Kendall County,0.757
IL,Knox County,1.666
IL,Lake County,0.857
IL,La Salle County,0.872
IL,Lawrence County,1.118
IL,Lee County,1.064
IL,Livingston County,1.121
IL,Logan County,1.082
IL,McDonough County,1.507
IL,McHenry County,1.097
IL,McLean County,0.931
IL,Macon County,1.032
IL,Macoupin County,1.179
IL,Madison County,0.906
IL,Marion County,1.09
IL,Marshall County,0.888
IL,Mason County,0.927
IL,Massac County,1.328
IL,Menard County,1.076
IL,Mercer County,1.565
IL,Monroe County,0.958
IL,Montgomery County,0.97
IL,Morgan County,1.133
IL,Moultrie County,1.153
IL,Ogle County,1.058
IL,Peoria County,0.897
IL,Perry County,1.213
IL,Piatt County,0.849
IL,Pike County,0.99
IL,Pope County,0.686
IL,Pulaski County,1.101
IL,Putnam County,0.994
IL,Randolph County,1.009
IL,Richland County,1.033
IL,Rock Island County,1.126
IL,St. Clair County,0.803
IL,Saline County,1.24
IL,Sangamon County,0.912
IL,Schuyler County,1.068
IL,Scott County,0.997
IL,Shelby County,1.05
IL,Stark County,0.91
IL,Stephenson County,1.194
IL,Tazewell County,0.853
IL,Union County,0.848
IL,Vermilion County,1.055
IL,Wabash County,0.903
IL,Warren County,1.199
IL,Washington County,0.903
IL,Wayne County,0.891
IL,White County,0.986
IL,Whiteside County,1.555
IL,Will County,0.865
IL,Williamson County,0.948
IL,Winnebago County,1.253
IL,Woodford County,0.852
IN,Adams County,1.143
IN,Allen County,1.175
IN,Bartholomew County,0.812
IN,Benton County,0.807
IN,Blackford County,1.716
IN,Boone County,1.026
IN,Brown County,0.957
IN,Carroll County,0.982
IN,Cass County,1.177
IN,Clark County,0.986
IN,Clay County,1.036
IN,Clinton County,0.954
IN,Crawford County,1.098
IN,Daviess County,1.324
IN,Dearborn County,0.973
IN,Decatur County,1.079
IN,DeKalb County,0.982
IN,Delaware County,1.191
IN,Dubois County,1.101
IN,Elkhart County,0.812
IN,Fayette County,1.39
IN,Floyd County,0.987
IN,Fountain County,1.178
IN,Franklin County,0.944
IN,Fulton County,1.176
IN,Gibson County,0.926
IN,Grant County,1.058
IN,Greene County,1.949
IN,Hamilton County,1.109
IN,Hancock County,1.037
IN,Harrison County,1.411
IN,Hendricks County,0.804
IN,Henry County,1.08
IN,Howard County,1.039
IN,Huntington County,1.022
IN,Jackson County,1.183
IN,Jasper County,0.867
IN,Jay County,1.049
IN,Jefferson County,1.076
IN,Jennings County,1.395
IN,Johnson County,0.893
IN,Knox County,1.204
IN,Kosciusko County,1.155
IN,LaGrange County,1.107
IN,Lake County,1.022
IN,LaPorte County,1.006
IN,Lawrence County,1.024
IN,Madison County,0.979
IN,Marion County,0.964
IN,Marshall County,1.077
IN,Martin County,1.026
IN,Miami County,1.247
IN,Monroe County,0.93
IN,Montgomery County,1.22
IN,Morgan County,0.984
IN,Newton County,1.022
IN,Noble County,1.195
IN,Ohio County,0.894
IN,Orange County,1.029
IN,Owen County,0.901
IN,Parke County,1.023
IN,Perry County,1.05
IN,Pike County,1.423
IN,Porter County,1.145
IN,Posey County,0.906
IN,Pulaski County,1.193
IN,Putnam County,0.907
IN,Randolph County,1.178
IN,Ripley County,1.055
IN,Rush County,1.113
IN,St. Joseph County,0.867
IN,Scott County,1.228
IN,Shelby County,1.133
IN,Spencer County,0.953
IN,Starke County,1.156
IN,Steuben County,0.976
IN,Sullivan County,0.969
IN,Switzerland County,1.205
IN,Tippecanoe County,1.123
IN,Tipton County,0.965
IN,Union County,1
IN,Vanderburgh County,0.916
IN,Vermillion County,0.972
IN,Vigo County,1.014
IN,Wabash County,1.195
IN,Warren County,1.277
IN,Warrick County,0.875
IN,Washington County,0.937
IN,Wayne County,1.192
IN,Wells County,1.081
IN,White County,1.226
IN,Whitley County,1.113
IA,Adair County,1.014
IA,Adams County,1.069
IA,Allamakee County,0.817
IA,Appanoose County,1.024
IA,Audubon County,1.268
IA,Benton County,1.063
IA,Black Hawk County,1.143
IA,Boone County,1.269
IA,Bremer County,1.148
IA,Buchanan County,1.096
IA,Buena Vista County,1.101
IA,Butler County,1.085
IA,Calhoun County,1.29
IA,Carroll County,1.061
IA,Cass County,1.316
IA,Cedar County,1.103
IA,Cerro Gordo County,1.178
IA,Cherokee County,1.224
IA,Chickasaw County,1.011
IA,Clarke County,1.012
IA,Clay County,1.078
IA,Clayton County,1.053
IA,Clinton County,1.173
IA,Crawford County,1.746
IA,Dallas County,1.021
IA,Davis County,0.882
IA,Decatur County,1.197
IA,Delaware County,1.074
IA,Des Moines County,1.226
IA,Dickinson County,1.172
IA,Dubuque County,1.023
IA,Emmet County,0.952
IA,Fayette County,1.091
IA,Floyd County,1.042
IA,Franklin County,1.102
IA,Fremont County,1.035
IA,Greene County,1.265
IA,Grundy County,1.065
IA,Guthrie County,1.049
IA,Hamilton County,1.118
IA,Hancock County,1.107
IA,Hardin County,1.205
IA,Harrison County,0.965
IA,Henry County,1.09
IA,Howard County,1.095
IA,Humboldt County,1.155
IA,Ida County,1.172
IA,Iowa County,1.167
IA,Jackson County,1.14
IA,Jasper County,0.927
IA,Jefferson County,1.474
IA,Johnson County,0.959
IA,Jones County,1.067
IA,Keokuk County,1.072
IA,Kossuth County,0.976
IA,Lee County,1.375
IA,Linn County,1.016
IA,Louisa County,1.098
IA,Lucas County,1.15
IA,Lyon County,1.227
IA,Madison County,0.933
IA,Mahaska County,1.227
IA,Marion County,1.114
IA,Marshall County,1.427
IA,Mills County,0.974
IA,Mitchell County,1.085
IA,Monona County,1.146
IA,Monroe County,0.98
IA,Montgomery County,1.126
IA,Muscatine County,1.115
IA,O'Brien County,1.079
IA,Osceola County,1.017
IA,Page County,1.142
IA,Palo Alto County,1.288
IA,Plymouth County,1.146
IA,Pocahontas County,1.324
IA,Polk County,1.016
IA,Pottawattamie County,1.055
IA,Poweshiek County,1.01
IA,Ringgold County,1.109
IA,Sac County,1.232
IA,Scott County,1.104
IA,Shelby County,1.239
IA,Sioux County,1.374
IA,Story County,0.953
IA,Tama County,1.046
IA,Taylor County,1.128
IA,Union County,0.933
IA,Van Buren County,0.935
IA,Wapello County,1.503
IA,Warren County,1.07
IA,Washington County,0.888
IA,Wayne County,1.023
IA,Webster County,1.11
IA,Winnebago County,1.254
IA,Winneshiek County,1.049
IA,Woodbury County,1.143
IA,Worth County,1.004
IA,Wright County,0.921
KS,Allen County,1.027
KS,Anderson County,1.034
KS,Atchison County,1.038
KS,Barber County,1.047
KS,Barton County,0.844
KS,Bourbon County,0.989
KS,Brown County,1.284
KS,Butler County,0.918
KS,Chase County,0.887
KS,Chautauqua County,0.884
KS,Cherokee County,1.042
KS,Cheyenne County,1.016
KS,Clark County,1.024
KS,Clay County,0.909
KS,Cloud County,1.232
KS,Coffey County,1.216
KS,Comanche County,0.974
KS,Cowley County,1.045
KS,Crawford County,1.022
KS,Decatur County,0.983
KS,Dickinson County,1.038
KS,Doniphan County,1.437
KS,Douglas County,0.984
KS,Edwards County,0.912
KS,Elk County,1.276
KS,Ellis County,1.163
KS,Ellsworth County,1.088
KS,Finney County,0.907
KS,Ford County,1.058
KS,Franklin County,0.938
KS,Geary County,0.996
KS,Gove County,0.877
KS,Graham County,1.156
KS,Grant County,1.134
KS,Gray County,0.945
KS,Greeley County,0.936
KS,Greenwood County,0.864
KS,Hamilton County,0.834
KS,Harper County,1.182
KS,Harvey County,0.985
KS,Haskell County,1.218
KS,Hodgeman County,0.997
KS,Jackson County,1.208
KS,Jefferson County,0.807
KS,Jewell County,1.702
KS,Johnson County,0.748
KS,Kearny County,1.134
KS,Kingman County,1.055
KS,Kiowa County,0.916
KS,Labette County,1.182
KS,Lane County,1.34
KS,Leavenworth County,0.944
KS,Lincoln County,0.968
KS,Linn County,0.945
KS,Logan County,1.02
KS,Lyon County,1.185
KS,McPherson County,1.109
KS,Marion County,1.087
KS,Marshall County,1.119
KS,Meade County,1.34
KS,Miami County,0.846
KS,Mitchell County,0.9
KS,Montgomery County,1.221
KS,Morris County,0.912
KS,Morton County,1.259
KS,Nemaha County,0.913
KS,Neosho County,1.045
KS,Ness County,1.033
KS,Norton County,1.045
KS,Osage County,1.121
KS,Osborne County,1.116
KS,Ottawa County,0.959
KS,Pawnee County,1.013
KS,Phillips County,1.233
KS,Pottawatomie County,0.981
KS,Pratt County,1.106
KS,Rawlins County,0.973
KS,Reno County,1.11
KS,Republic County,1.035
KS,Rice County,1.199
KS,Riley County,0.959
KS,Rooks County,1.063
KS,Rush County,0.898
KS,Russell County,1.148
KS,Saline County,1.241
KS,Scott County,1.156
KS,Sedgwick County,0.853
KS,Seward County,1.162
KS,Shawnee County,1.193
KS,Sheridan County,0.878
KS,Sherman County,0.957
KS,Smith County,0.993
KS,Stafford County,1.051
KS,Stanton County,0.998
KS,Stevens County,1.072
KS,Sumner County,1.173
KS,Thomas County,1.242
KS,Trego County,1.156
KS,Wabaunsee County,1.198
KS,Wallace County,0.941
KS,Washington County,0.986
KS,Wichita County,0.929
KS,Wilson County,0.907
KS,Woodson County,0.889
KS,Wyandotte County,0.749
KY,Adair County,0.956
KY,Allen County,1.101
KY,Anderson County,0.939
KY,Ballard County,0.811
KY,Barren County,0.933
KY,Bath County,0.571
KY,Bell County,1.656
KY,Boone County,0.837
KY,Bourbon County,0.954
KY,Boyd County,1.095
KY,Boyle County,1.103
KY,Bracken County,0.611
KY,Breathitt County,1.11
KY,Breckinridge County,1.256
KY,Bullitt County,0.83
KY,Butler County,1.051
KY,Caldwell County,1.024
KY,Calloway County,1.404
KY,Campbell County,0.87
KY,Carlisle County,0.924
KY,Carroll County,0.813
KY,Carter County,0.724
KY,Casey County,0.878
KY,Christian County,1.09
KY,Clark County,0.551
KY,Clay County,0.715
KY,Clinton County,1.024
KY,Crittenden County,0.803
KY,Cumberland County,1.131
KY,Daviess County,0.815
KY,Edmonson County,0.628
KY,Elliott County,0.714
KY,Estill County,1.34
KY,Fayette County,0.792
KY,Fleming County,0.746
KY,Floyd County,1.244
KY,Franklin County,0.684
KY,Fulton County,1.009
KY,Gallatin County,0.973
KY,Garrard County,0.963
KY,Grant County,0.945
KY,Graves County,0.796
KY,Grayson County,0.875
KY,Green County,1.074
KY,Greenup County,1.131
KY,Hancock County,1.101
KY,Hardin County,0.559
KY,Harlan County,1.114
KY,Harrison County,0.843
KY,Hart County,1.074
KY,Henderson County,1.023
KY,Henry County,0.937
KY,Hickman County,1.016
KY,Hopkins County,0.734
KY,Jackson County,1.286
KY,Jefferson County,1.032
KY,Jessamine County,0.71
KY,Johnson County,1.457
KY,Kenton County,0.577
KY,Knott County,0.639
KY,Knox County,1.023
KY,Larue County,0.829
KY,Laurel County,0.766
KY,Lawrence County,0.617
KY,Lee County,0.706
KY,Leslie County,0.632
KY,Letcher County,0.765
KY,Lewis County,0.918
KY,Lincoln County,1.036
KY,Livingston County,0.991
KY,Logan County,1.097
KY,Lyon County,1.12
KY,McCracken County,0.599
KY,McCreary County,1.135
KY,McLean County,1.153
KY,Madison County,0.582
KY,Magoffin County,1.002
KY,Marion County,1.324
KY,Marshall County,0.794
KY,Martin County,1.097
KY,Mason County,1.302
KY,Meade County,0.808
KY,Menifee County,1.178
KY,Mercer County,0.753
KY,Metcalfe County,0.925
KY,Monroe County,1.025
KY,Montgomery County,0.817
KY,Morgan County,0.988
KY,Muhlenberg County,1.272
KY,Nelson County,0.818
KY,Nicholas County,0.908
KY,Ohio County,2.007
KY,Oldham County,0.907
KY,Owen County,0.706
KY,Owsley County,1.229
KY,Pendleton County,0.661
KY,Perry County,0.788
KY,Pike County,0.941
KY,Powell County,0.923
KY,Pulaski County,0.932
KY,Robertson County,0.912
KY,Rockcastle County,0.936
KY,Rowan County,0.883
KY,Russell County,1.414
KY,Scott County,1.15
KY,Shelby County,0.908
KY,Simpson County,1.431
KY,Spencer County,0.853
KY,Taylor County,0.955
KY,Todd County,1.104
KY,Trigg County,1.046
KY,Trimble County,0.932
KY,Union County,1.122
KY,Warren County,1.007
KY,Washington County,0.842
KY,Wayne County,0.976
KY,Webster County,0.873
KY,Whitley County,0.631
KY,Wolfe County,1.397
KY,Woodford County,0.863
LA,Acadia Parish,0.909
LA,Allen Parish,1.498
LA,Ascension Parish,0.823
LA,Assumption Parish,0.7
LA,Avoyelles Parish,1.075
LA,Beauregard Parish,0.693
LA,Bienville Parish,1.084
LA,Bossier Parish,0.818
LA,Caddo Parish,1.021
LA,Calcasieu Parish,0.709
LA,Caldwell Parish,0.977
LA,Cameron Parish,0.823
LA,Catahoula Parish,0.567
LA,Claiborne Parish,0.762
LA,Concordia Parish,0.944
LA,De Soto Parish,1.164
LA,East Baton Rouge Parish,0.453
LA,East Carroll Parish,1.013
LA,East Feliciana Parish,0.629
LA,Evangeline Parish,0.715
LA,Franklin Parish,0.844
LA,Grant Parish,0.835
LA,Iberia Parish,0.88
LA,Iberville Parish,0.753
LA,Jackson Parish,1.069
LA,Jefferson Parish,0.851
LA,Jefferson Davis Parish,1.216
LA,Lafayette Parish,0.974
LA,Lafourche Parish,0.748
LA,La Salle Parish,0.89
LA,Lincoln Parish,1.23
LA,Livingston Parish,0.528
LA,Madison Parish,0.708
LA,Morehouse Parish,0.77
LA,Natchitoches Parish,1.012
LA,Orleans Parish,0.758
LA,Ouachita Parish,1.031
LA,Plaquemines Parish,0.75
LA,Pointe Coupee Parish,0.831
LA,Rapides Parish,0.726
LA,Red River Parish,0.747
LA,Richland Parish,0.864
LA,Sabine Parish,0.832
LA,St. Bernard Parish,1.22
LA,St. Charles Parish,0.701
LA,St. Helena Parish,1.017
LA,St. James Parish,0.914
LA,St. John the Baptist Parish,0.64
LA,St. Landry Parish,0.986
LA,St. Martin Parish,0.778
LA,St. Mary Parish,1.394
LA,St. Tammany Parish,0.836
LA,Tangipahoa Parish,0.508
LA,Tensas Parish,0.965
LA,Terrebonne Parish,0.867
LA,Union Parish,0.993
LA,Vermilion Parish,0.923
LA,Vernon Parish,0.735
LA,Washington Parish,0.624
LA,Webster Parish,1.277
LA,West Baton Rouge Parish,0.712
LA,West Carroll Parish,1.399
LA,West Feliciana Parish,0.686
LA,Winn Parish,1.106
ME,Androscoggin County,0.805
ME,Aroostook County,1.443
ME,Cumberland County,0.728
ME,Franklin County,1.08
ME,Hancock County,0.949
ME,Kennebec County,1.08
ME,Knox County,1.006
ME,Lincoln County,0.817
ME,Oxford County,0.965
ME,Penobscot County,0.744
ME,Piscataquis County,1.179
ME,Sagadahoc County,0.718
ME,Somerset County,0.991
ME,Waldo County,0.721
ME,Washington County,1.182
ME,York County,0.762
MD,Allegany County,1.952
MD,Anne Arundel County,1.094
MD,Baltimore County,1.648
MD,Calvert County,0.838
MD,Caroline County,1.808
MD,Carroll County,1.177
MD,Cecil County,1.49
MD,Charles County,0.818
MD,Dorchester County,1.869
MD,Frederick County,0.811
MD,Garrett County,1.788
MD,Harford County,1.801
MD,Howard County,0.865
MD,Kent County,1.974
MD,Montgomery County,1.031
MD,Prince George's County,1.387
MD,Queen Anne's County,1.279
MD,St. Mary's County,0.647
MD,Somerset County,1.451
MD,Talbot County,1.069
MD,Washington County,1.035
MD,Wicomico County,1.221
MD,Worcester County,0.98
MD,Baltimore city,1.298
MA,Barnstable County,0.805
MA,Berkshire County,1.047
MA,Bristol County,1.183
MA,Dukes County,0.9
MA,Essex County,0.862
MA,Franklin County,0.891
MA,Hampden County,1.26
MA,Hampshire County,1.527
MA,Middlesex County,1.086
MA,Nantucket County,1.114
MA,Norfolk County,0.939
MA,Plymouth County,0.851
MA,Suffolk County,0.893
MA,Worcester County,0.59
MI,Alcona County,0.953
MI,Alger County,1.098
MI,Allegan County,0.85
MI,Alpena County,1.141
MI,Antrim County,0.817
MI,Arenac County,0.956
MI,Baraga County,1.172
MI,Barry County,0.941
MI,Bay County,1.174
MI,Benzie County,0.975
MI,Berrien County,0.916
MI,Branch County,1
MI,Calhoun County,1.044
MI,Cass County,1.059
MI,Charlevoix County,0.861
MI,Cheboygan County,0.933
MI,Chippewa County,0.801
MI,Clare County,1.393
MI,Clinton County,0.849
MI,Crawford County,0.973
MI,Delta County,1.069
MI,Dickinson County,1.251
MI,Eaton County,1.028
MI,Emmet County,0.925
MI,Genesee County,0.882
MI,Gladwin County,0.889
MI,Gogebic County,1.245
MI,Grand Traverse County,0.854
MI,Gratiot County,1.025
MI,Hillsdale County,1.086
MI,Houghton County,0.933
MI,Huron County,1.236
MI,Ingham County,0.942
MI,Ionia County,0.757
MI,Iosco County,0.956
MI,Iron County,0.996
MI,Isabella County,1.085
MI,Jackson County,1.175
MI,Kalamazoo County,0.782
MI,Kalkaska County,1.223
MI,Kent County,0.84
MI,Keweenaw County,0.727
MI,Lake County,1.207
MI,Lapeer County,1.192
MI,Leelanau County,0.768
MI,Lenawee County,1.588
MI,Livingston County,0.771
MI,Luce County,0.897
MI,Mackinac County,1.265
MI,Macomb County,0.868
MI,Manistee County,1.108
MI,Marquette County,0.963
MI,Mason County,0.952
MI,Mecosta County,0.978
MI,Menominee County,1.221
MI,Midland County,0.793
MI,Missaukee County,1.251
MI,Monroe County,0.856
MI,Montcalm County,0.779
MI,Montmorency County,0.991
MI,Muskegon County,0.924
MI,Newaygo County,1.705
MI,Oakland County,0.73
MI,Oceana County,0.813
MI,Ogemaw County,0.902
MI,Ontonagon County,0.813
MI,Osceola County,0.831
MI,Oscoda County,1.034
MI,Otsego County,1.306
MI,Ottawa County,0.775
MI,Presque Isle County,0.84
MI,Roscommon County,1.018
MI,Saginaw County,1.149
MI,St. Clair County,0.874
MI,St. Joseph County,0.953
MI,Sanilac County,0.99
MI,Schoolcraft County,1.035
MI,Shiawassee County,0.963
MI,Tuscola County,1.119
MI,Van Buren County,1.64
MI,Washtenaw County,0.751
MI,Wayne County,0.844
MI,Wexford County,1.013
MN,Aitkin County,1.363
MN,Anoka County,0.829
MN,Becker County,0.938
MN,Beltrami County,1.061
MN,Benton County,1.007
MN,Big Stone County,1.201
MN,Blue Earth County,1.033
MN,Brown County,1.199
MN,Carlton County,1.608
MN,Carver County,0.682
MN,Cass County,1.059
MN,Chippewa County,1.512
MN,Chisago County,1.043
MN,Clay County,0.918
MN,Clearwater County,1.001
MN,Cook County,0.929
MN,Cottonwood County,1.101
MN,Crow Wing County,1.517
MN,Dakota County,0.994
MN,Dodge County,1.004
MN,Douglas County,1.062
MN,Faribault County,1.187
MN,Fillmore County,0.843
MN,Freeborn County,1.297
MN,Goodhue County,0.897
MN,Grant County,1.578
MN,Hennepin County,0.901
MN,Houston County,0.9
MN,Hubbard County,1.266
MN,Isanti County,0.859
MN,Itasca County,1.051
MN,Jackson County,1.108
MN,Kanabec County,1.073
MN,Kandiyohi County,1.135
MN,Kittson County,0.99
MN,Koochiching County,1.079
MN,Lac qui Parle County,1.103
MN,Lake County,0.865
MN,Lake of the Woods County,1.321
MN,Le Sueur County,0.909
MN,Lincoln County,1.13
MN,Lyon County,1.233
MN,McLeod County,0.817
MN,Mahnomen County,1.164
MN,Marshall County,1.02
MN,Martin County,1.199
MN,Meeker County,0.963
MN,Mille Lacs County,0.97
MN,Morrison County,1.067
MN,Mower County,1.088
MN,Murray County,1.308
MN,Nicollet County,0.895
MN,Nobles County,1.084
MN,Norman County,1.505
MN,Olmsted County,0.821
MN,Otter Tail County,1.158
MN,Pennington County,1.017
MN,Pine County,1.014
MN,Pipestone County,1.304
MN,Polk County,1.174
MN,Pope County,1.306
MN,Ramsey County,0.929
MN,Red Lake County,1.054
MN,Redwood County,1.073
MN,Renville County,1.289
MN,Rice County,0.928
MN,Rock County,1.172
MN,Roseau County,1.184
MN,St. Louis County,1.579
MN,Scott County,1.081
MN,Sherburne County,0.959
MN,Sibley County,1.158
MN,Stearns County,1.132
MN,Steele County,1.187
MN,Stevens County,0.996
MN,Swift County,1.044
MN,Todd County,1.024
MN,Traverse County,1.216
MN,Wabasha County,0.784
MN,Wadena County,1.132
MN,Waseca County,1.635
MN,Washington County,0.743
MN,Watonwan County,1.142
MN,Wilkin County,1.262
MN,Winona County,1.391
MN,Wright County,0.905
MN,Yellow Medicine County,0.624
MS,Adams County,1.007
MS,Alcorn County,0.846
MS,Amite County,0.832
MS,Attala County,0.869
MS,Benton County,0.724
MS,Bolivar County,0.853
MS,Calhoun County,1.198
MS,Carroll County,0.825
MS,Chickasaw County,0.967
MS,Choctaw County,0.519
MS,Claiborne County,1.05
MS,Clarke County,0.758
MS,Clay County,0.655
MS,Coahoma County,0.995
MS,Copiah County,0.742
MS,Covington County,1.371
MS,DeSoto County,0.731
MS,Forrest County,0.849
MS,Franklin County,1.019
MS,George County,1.066
MS,Greene County,0.889
MS,Grenada County,1.074
MS,Hancock County,0.938
MS,Harrison County,0.927
MS,Hinds County,0.469
MS,Holmes County,0.628
MS,Humphreys County,0.904
MS,Issaquena County,0.985
MS,Itawamba County,1.201
MS,Jackson County,0.751
MS,Jasper County,0.538
MS,Jefferson County,0.882
MS,Jefferson Davis County,0.958
MS,Jones County,0.669
MS,Kemper County,1.323
MS,Lafayette County,1.214
MS,Lamar County,0.778
MS,Lauderdale County,1.04
MS,Lawrence County,0.882
MS,Leake County,1.181
MS,Lee County,0.63
MS,Leflore County,1.106
MS,Lincoln County,1.139
MS,Lowndes County,1.593
MS,Madison County,0.698
MS,Marion County,0.914
MS,Marshall County,0.979
MS,Monroe County,0.871
MS,Montgomery County,0.882
MS,Neshoba County,0.851
MS,Newton County,0.857
MS,Noxubee County,1.193
MS,Oktibbeha County,0.785
MS,Panola County,1.034
MS,Pearl River County,0.859
MS,Perry County,0.768
MS,Pike County,0.988
MS,Pontotoc County,0.906
MS,Prentiss County,0.722
MS,Quitman County,1.455
MS,Rankin County,0.723
MS,Scott County,0.806
MS,Sharkey County,0.952
MS,Simpson County,1.002
MS,Smith County,0.974
MS,Stone County,0.638
MS,Sunflower County,0.738
MS,Tallahatchie County,1.129
MS,Tate County,0.835
MS,Tippah County,0.894
MS,Tishomingo County,0.772
MS,Tunica County,0.959
MS,Union County,0.796
MS,Walthall County,1.024
MS,Warren County,0.688
MS,Washington County,1.019
MS,Wayne County,1.034
MS,Webster County,0.639
MS,Wilkinson County,0.818
MS,Winston County,0.926
MS,Yalobusha County,0.825
MS,Yazoo County,1.122
MO,Adair County,1.198
MO,Andrew County,0.93
MO,Atchison County,0.848
MO,Audrain County,0.874
MO,Barry County,1.021
MO,Barton County,1.052
MO,Bates County,0.793
MO,Benton County,0.911
MO,Bollinger County,1.167
MO,Boone County,0.928
MO,Buchanan County,0.761
MO,Butler County,0.974
MO,Caldwell County,0.991
MO,Callaway County,1.015
MO,Camden County,1.064
MO,Cape Girardeau County,0.867
MO,Carroll County,0.877
MO,Carter County,1.349
MO,Cass County,0.677
MO,Cedar County,1.035
MO,Chariton County,1.123
MO,Christian County,0.927
MO,Clark County,1.296
MO,Clay County,0.955
MO,Clinton County,1.054
MO,Cole County,1.034
MO,Cooper County,0.799
MO,Crawford County,0
MO,Dade County,0.745
MO,Dallas County,0.915
MO,Daviess County,0.923
MO,DeKalb County,1.171
MO,Dent County,0.893
MO,Douglas County,0.77
MO,Dunklin County,0.766
MO,Franklin County,1.139
MO,Gasconade County,1.038
MO,Gentry County,0.958
MO,Greene County,0.942
MO,Grundy County,1.03
MO,Harrison County,0.858
MO,Henry County,0.961
MO,Hickory County,0.827
MO,Holt County,0.928
MO,Howard County,1.004
MO,Howell County,0.796
MO,Iron County,0.825
MO,Jackson County,0.993
MO,Jasper County,0.996
MO,Jefferson County,1.088
MO,Johnson County,1.081
MO,Knox County,0.83
MO,Laclede County,0.961
MO,Lafayette County,1.001
MO,Lawrence County,0.902
MO,Lewis County,0.872
MO,Lincoln County,1.13
MO,Linn County,0.857
MO,Livingston County,1.001
MO,McDonald County,0.782
MO,Macon County,0.908
MO,Madison County,0.921
MO,Maries County,1.026
MO,Marion County,0.956
MO,Mercer County,1.016
MO,Miller County,0.896
MO,Mississippi County,0.635
MO,Moniteau County,1.072
MO,Monroe County,0.937
MO,Montgomery County,0.895
MO,Morgan County,0.807
MO,New Madrid County,0.765
MO,Newton County,1.006
MO,Nodaway County,0.993
MO,Oregon County,0.679
MO,Osage County,1.107
MO,Ozark County,0.655
MO,Pemiscot County,0.742
MO,Perry County,1.022
MO,Pettis County,0.927
MO,Phelps County,1.039
MO,Pike County,0.947
MO,Platte County,1.238
MO,Polk County,0.866
MO,Pulaski County,0.988
MO,Putnam County,0.853
MO,Ralls County,1.04
MO,Randolph County,0.967
MO,Ray County,1.087
MO,Reynolds County,0.835
MO,Ripley County,0.742
MO,St. Charles County,1.343
MO,St. Clair County,0.861
MO,Ste. Genevieve County,1.284
MO,St. Francois County,1.05
MO,St. Louis County,1.159
MO,Saline County,0.924
MO,Schuyler County,0.793
MO,Scotland County,0.948
MO,Scott County,0.852
MO,Shannon County,0.73
MO,Shelby County,0.954
MO,Stoddard County,0.848
MO,Stone County,0.945
MO,Sullivan County,0.849
MO,Taney County,0.872
MO,Texas County,0.787
MO,Vernon County,0.854
MO,Warren County,1.024
MO,Washington County,0.911
MO,Wayne County,0.693
MO,Webster County,0.959
MO,Worth County,0.938
MO,Wright County,0.725
MO,St. Louis city,0.901
MT,Beaverhead County,1.083
MT,Big Horn County,0.846
MT,Blaine County,0.778
MT,Broadwater County,1.055
MT,Carbon County,1.031
MT,Carter County,0.895
MT,Cascade County,0.971
MT,Chouteau County,0.832
MT,Custer County,1.097
MT,Daniels County,1.125
MT,Dawson County,1.09
MT,Deer Lodge County,0.815
MT,Fallon County,1.416
MT,Fergus County,0.891
MT,Flathead County,0.982
MT,Gallatin County,1.16
MT,Garfield County,0.887
MT,Glacier County,0.765
MT,Golden Valley County,0.708
MT,Granite County,0.87
MT,Hill County,0.996
MT,Jefferson County,1.135
MT,Judith Basin County,0.876
MT,Lake County,0.884
MT,Lewis and Clark County,1.251
MT,Liberty County,0.951
MT,Lincoln County,0.756
MT,McCone County,0.936
MT,Madison County,0.899
MT,Meagher County,0.794
MT,Mineral County,0.789
MT,Missoula County,0.992
MT,Musselshell County,0.832
MT,Park County,1.04
MT,Petroleum County,0.951
MT,Phillips County,0.939
MT,Pondera County,1.006
MT,Powder River County,0.913
MT,Powell County,1.081
MT,Prairie County,0.899
MT,Ravalli County,0.94
MT,Richland County,1.248
MT,Roosevelt County,0.821
MT,Rosebud County,1.086
MT,Sanders County,0.745
MT,Sheridan County,1.052
MT,Silver Bow County,1.051
MT,Stillwater County,1.128
MT,Sweet Grass County,1.042
MT,Teton County,0.981
MT,Toole County,1.007
MT,Treasure County,0.81
MT,Valley County,1.058
MT,Wheatland County,0.756
MT,Wibaux County,0.974
MT,Yellowstone County,1.117
NE,Adams County,1.119
NE,Antelope County,0.957
NE,Arthur County,0.945
NE,Banner County,0.82
NE,Blaine County,0.787
NE,Boone County,1.022
NE,Box Butte County,1.059
NE,Boyd County,0.974
NE,Brown County,0.865
NE,Buffalo County,1.181
NE,Burt County,1.069
NE,Butler County,1.149
NE,Cass County,1.197
NE,Cedar County,1.115
NE,Chase County,0.903
NE,Cherry County,0.932
NE,Cheyenne County,1.05
NE,Clay County,1.084
NE,Colfax County,1.013
NE,Cuming County,1.112
NE,Custer County,0.911
NE,Dakota County,0.937
NE,Dawes County,1.043
NE,Dawson County,0.964
NE,Deuel County,0.809
NE,Dixon County,1.103
NE,Dodge County,1.039
NE,Douglas County,1.079
NE,Dundy County,0.812
NE,Fillmore County,1.261
NE,Franklin County,0.93
NE,Frontier County,0.951
NE,Furnas County,0.974
NE,Gage County,1.165
NE,Garden County,0.808
NE,Garfield County,0.91
NE,Gosper County,1.195
NE,Grant County,0.859
NE,Greeley County,0.908
NE,Hall County,1.036
NE,Hamilton County,1.172
NE,Harlan County,1.02
NE,Hayes County,0.931
NE,Hitchcock County,0.916
NE,Holt County,1.103
NE,Hooker County,0.875
NE,Howard County,1.067
NE,Jefferson County,0.916
NE,Johnson County,1.037
NE,Kearney County,1.153
NE,Keith County,0.958
NE,Keya Paha County,0.848
NE,Kimball County,0.934
NE,Knox County,0.977
NE,Lancaster County,1.086
NE,Lincoln County,1.096
NE,Logan County,0.857
NE,Loup County,0.935
NE,McPherson County,0.968
NE,Madison County,1.074
NE,Merrick County,1.015
NE,Morrill County,0.866
NE,Nance County,0.953
NE,Nemaha County,1.079
NE,Nuckolls County,0.919
NE,Otoe County,1.168
NE,Pawnee County,0.906
NE,Perkins County,1.138
NE,Phelps County,1.141
NE,Pierce County,1.166
NE,Platte County,1.18
NE,Polk County,1.146
NE,Red Willow County,0.936
NE,Richardson County,0.996
NE,Rock County,1.023
NE,Saline County,0.951
NE,Sarpy County,1.197
NE,Saunders County,1.171
NE,Scotts Bluff County,0.923
NE,Seward County,1.239
NE,Sheridan County,0.856
NE,Sherman County,1.027
NE,Sioux County,0.805
NE,Stanton County,1.106
NE,Thayer County,1.045
NE,Thomas County,1.11
NE,Thurston County,0.893
NE,Valley County,1.138
NE,Washington County,1.205
NE,Wayne County,1.145
NE,Webster County,0.961
NE,Wheeler County,0.978
NE,York County,1.158
NV,Churchill County,0.982
NV,Clark County,0.913
NV,Douglas County,0.992
NV,Elko County,1.15
NV,Esmeralda County,0.902
NV,Eureka County,1.108
NV,Humboldt County,1.133
NV,Lander County,1.324
NV,Lincoln County,0.994
NV,Lyon County,0.888
NV,Mineral County,0.722
NV,Nye County,0.907
NV,Pershing County,0.893
NV,Storey County,1.018
NV,Washoe County,0.96
NV,White Pine County,0.995
NV,Carson City,0.961
NH,Belknap County,1.181
NH,Carroll County,1.064
NH,Cheshire County,1.16
NH,Coos County,1.004
NH,Grafton County,1.138
NH,Hillsborough County,1.229
NH,Merrimack County,1.233
NH,Rockingham County,1.326
NH,Strafford County,1.156
NH,Sullivan County,1.135
NJ,Atlantic County,0.956
NJ,Bergen County,1.269
NJ,Burlington County,1.274
NJ,Camden County,1.108
NJ,Cape May County,1.01
NJ,Cumberland County,0.859
NJ,Essex County,1.049
NJ,Gloucester County,1.335
NJ,Hudson County,0.93
NJ,Hunterdon County,1.503
NJ,Mercer County,1.239
NJ,Middlesex County,1.179
NJ,Monmouth County,1.385
NJ,Morris County,1.431
NJ,Ocean County,1.056
NJ,Passaic County,1.046
NJ,Salem County,1.152
NJ,Somerset County,1.41
NJ,Sussex County,1.247
NJ,Union County,1.111
NJ,Warren County,1.206
NM,Bernalillo County,1.015
NM,Catron County,0.792
NM,Chaves County,0.784
NM,Cibola County,0.794
NM,Colfax County,0.769
NM,Curry County,0.763
NM,De Baca County,0.824
NM,Dona Ana County,0.735
NM,Eddy County,1.022
NM,Grant County,0.782
NM,Guadalupe County,0.636
NM,Harding County,0.713
NM,Hidalgo County,0.805
NM,Lea County,0.947
NM,Lincoln County,0.884
NM,Los Alamos County,1.885
NM,Luna County,0.679
NM,McKinley County,0.6
NM,Mora County,0.565
NM,Otero County,0.809
NM,Quay County,0.709
NM,Rio Arriba County,0.796
NM,Roosevelt County,0.803
NM,Sandoval County,0.983
NM,San Juan County,0.814
NM,San Miguel County,0.647
NM,Santa Fe County,1.013
NM,Sierra County,0.646
NM,Socorro County,0.741
NM,Taos County,0.704
NM,Torrance County,0.778
NM,Union County,0.697
NM,Valencia County,0.83
NY,Albany County,1.151
NY,Allegany County,0.945
NY,Bronx County,0.514
NY,Broome County,0.97
NY,Cattaraugus County,0.971
NY,Cayuga County,1.055
NY,Chautauqua County,0.981
NY,Chemung County,0.952
NY,Chenango County,1.002
NY,Clinton County,0.987
NY,Columbia County,1.082
NY,Cortland County,1.062
NY,Delaware County,0.944
NY,Dutchess County,1.13
NY,Erie County,1.044
NY,Essex County,0.985
NY,Franklin County,1
NY,Fulton County,0.943
NY,Genesee County,1.197
NY,Greene County,1.002
NY,Hamilton County,1.013
NY,Herkimer County,0.99
NY,Jefferson County,0.834
NY,Kings County,0.671
NY,Lewis County,0.964
NY,Livingston County,1.015
NY,Madison County,1.099
NY,Monroe County,1.016
NY,Montgomery County,0.916
NY,Nassau County,1.19
NY,New York County,0.96
NY,Niagara County,1.083
NY,Oneida County,1.034
NY,Onondaga County,1.03
NY,Ontario County,1.035
NY,Orange County,1.074
NY,Orleans County,0.897
NY,Oswego County,0.936
NY,Otsego County,0.976
NY,Putnam County,1.076
NY,Queens County,0.725
NY,Rensselaer County,1.092
NY,Richmond County,0.956
NY,Rockland County,0.941
NY,St. Lawrence County,0.942
NY,Saratoga County,1.186
NY,Schenectady County,1.073
NY,Schoharie County,0.965
NY,Schuyler County,1.055
NY,Seneca County,1.078
NY,Steuben County,0.992
NY,Suffolk County,1.04
NY,Sullivan County,1.003
NY,Tioga County,1.075
NY,Tompkins County,0.956
NY,Ulster County,0.926
NY,Warren County,1.015
NY,Washington County,0.93
NY,Wayne County,0.983
NY,Westchester County,1.162
NY,Wyoming County,1.103
NY,Yates County,1.008
NC,Alamance County,0.998
NC,Alexander County,1.009
NC,Alleghany County,0.743
NC,Anson County,0.811
NC,Ashe County,0.807
NC,Avery County,0.714
NC,Beaufort County,0.915
NC,Bertie County,0.822
NC,Bladen County,0.766
NC,Brunswick County,1.013
NC,Buncombe County,0.804
NC,Burke County,0.958
NC,Cabarrus County,1.11
NC,Caldwell County,0.967
NC,Camden County,1.152
NC,Carteret County,0.989
NC,Caswell County,0.998
NC,Catawba County,1.057
NC,Chatham County,1.177
NC,Cherokee County,0.858
NC,Chowan County,0.781
NC,Clay County,0.838
NC,Cleveland County,0.891
NC,Columbus County,0.803
NC,Craven County,0.897
NC,Cumberland County,0.85
NC,Currituck County,1.007
NC,Dare County,0.895
NC,Davidson County,1.015
NC,Davie County,1.098
NC,Duplin County,0.83
NC,Durham County,1.053
NC,Edgecombe County,0.757
NC,Forsyth County,1.039
NC,Franklin County,0.976
NC,Gaston County,0.975
NC,Gates County,0.941
NC,Graham County,0.819
NC,Granville County,1.016
NC,Greene County,0.886
NC,Guilford County,1.02
NC,Halifax County,0.714
NC,Harnett County,0.978
NC,Haywood County,1.006
NC,Henderson County,0.95
NC,Hertford County,0.774
NC,Hoke County,0.877
NC,Hyde County,0.644
NC,Iredell County,1.044
NC,Jackson County,0.961
NC,Johnston County,0.998
NC,Jones County,0.762
NC,Lee County,0.925
NC,Lenoir County,0.787
NC,Lincoln County,1.066
NC,McDowell County,0.911
NC,Macon County,0.888
NC,Madison County,0.922
NC,Martin County,0.714
NC,Mecklenburg County,1.083
NC,Mitchell County,1.026
NC,Montgomery County,0.909
NC,Moore County,1.082
NC,Nash County,0.986
NC,New Hanover County,1.029
NC,Northampton County,0.674
NC,Onslow County,0.831
NC,Orange County,1.296
NC,Pamlico County,0.902
NC,Pasquotank County,1.002
NC,Pender County,1.002
NC,Perquimans County,0.949
NC,Person County,1.07
NC,Pitt County,0.944
NC,Polk County,0.869
NC,Randolph County,0.934
NC,Richmond County,0.743
NC,Robeson County,0.746
NC,Rockingham County,0.977
NC,Rowan County,0.929
NC,Rutherford County,0.877
NC,Sampson County,0.832
NC,Scotland County,0.768
NC,Stanly County,1.038
NC,Stokes County,0.976
NC,Surry County,1.036
NC,Swain County,0.837
NC,Transylvania County,0.929
NC,Tyrrell County,0.753
NC,Union County,1.245
NC,Vance County,0.825
NC,Wake County,1.264
NC,Warren County,0.845
NC,Washington County,0.738
NC,Watauga County,1.066
NC,Wayne County,0.88
NC,Wilkes County,0.948
NC,Wilson County,0.937
NC,Yadkin County,0.986
NC,Yancey County,0.883
ND,Adams County,1.406
ND,Barnes County,1.474
ND,Benson County,0.92
ND,Billings County,1.377
ND,Bottineau County,1.296
ND,Bowman County,1.413
ND,Burke County,1.481
ND,Burleigh County,1.534
ND,Cass County,1.463
ND,Cavalier County,1.345
ND,Dickey County,1.381
ND,Divide County,1.219
ND,Dunn County,1.55
ND,Eddy County,1.363
ND,Emmons County,1.196
ND,Foster County,1.549
ND,Golden Valley County,1.21
ND,Grand Forks County,1.337
ND,Grant County,1.181
ND,Griggs County,1.282
ND,Hettinger County,1.206
ND,Kidder County,1.026
ND,LaMoure County,1.287
ND,Logan County,1.122
ND,McHenry County,1.386
ND,McIntosh County,1.094
ND,McKenzie County,1.237
ND,McLean County,1.363
ND,Mercer County,1.573
ND,Morton County,1.498
ND,Mountrail County,1.392
ND,Nelson County,1.298
ND,Oliver County,1.547
ND,Pembina County,1.303
ND,Pierce County,1.182
ND,Ramsey County,1.436
ND,Ransom County,1.303
ND,Renville County,1.401
ND,Richland County,1.31
ND,Rolette County,0.906
ND,Sargent County,1.318
ND,Sheridan County,1.03
ND,Sioux County,0.731
ND,Slope County,1.079
ND,Stark County,1.472
ND,Steele County,1.417
ND,Stutsman County,1.306
ND,Towner County,1.231
ND,Traill County,1.46
ND,Walsh County,1.178
ND,Ward County,1.361
ND,Wells County,1.27
ND,Williams County,1.527
OH,Adams County,0.808
OH,Allen County,1.052
OH,Ashland County,1.05
OH,Ashtabula County,0.941
OH,Athens County,0.905
OH,Auglaize County,1.225
OH,Belmont County,1.005
OH,Brown County,1.072
OH,Butler County,1.148
OH,Carroll County,1.035
OH,Champaign County,1.158
OH,Clark County,1.042
OH,Clermont County,1.157
OH,Clinton County,1.03
OH,Columbiana County,0.995
OH,Coshocton County,0.896
OH,Crawford County,0.929
OH,Cuyahoga County,1.008
OH,Darke County,1.105
OH,Defiance County,1.166
OH,Delaware County,1.659
OH,Erie County,1.035
OH,Fairfield County,1.172
OH,Fayette County,0.96
OH,Franklin County,1.101
OH,Fulton County,1.21
OH,Gallia County,0.971
OH,Geauga County,1.384
OH,Greene County,1.278
OH,Guernsey County,0.891
OH,Hamilton County,1.139
OH,Hancock County,1.201
OH,Hardin County,1.055
OH,Harrison County,0.893
OH,Henry County,1.19
OH,Highland County,0.922
OH,Hocking County,1.092
OH,Holmes County,1.129
OH,Huron County,1.015
OH,Jackson County,0.871
OH,Jefferson County,0.911
OH,Knox County,1.072
OH,Lake County,1.131
OH,Lawrence County,0.935
OH,Licking County,1.224
OH,Logan County,1.155
OH,Lorain County,1.101
OH,Lucas County,1.002
OH,Madison County,1.256
OH,Mahoning County,0.939
OH,Marion County,0.962
OH,Medina County,1.3
OH,Meigs County,0.87
OH,Mercer County,1.189
OH,Miami County,1.226
OH,Monroe County,0.854
OH,Montgomery County,1.033
OH,Morgan County,0.806
OH,Morrow County,1.037
OH,Muskingum County,0.987
OH,Noble County,0.924
OH,Ottawa County,1.118
OH,Paulding County,1.076
OH,Perry County,1.027
OH,Pickaway County,1.19
OH,Pike County,0.96
OH,Portage County,1.078
OH,Preble County,1.163
OH,Putnam County,1.316
OH,Richland County,1.042
OH,Ross County,1.028
OH,Sandusky County,1.055
OH,Scioto County,0.915
OH,Seneca County,1.023
OH,Shelby County,1.247
OH,Stark County,1.091
OH,Summit County,1.106
OH,Trumbull County,0.914
OH,Tuscarawas County,1.028
OH,Union County,1.414
OH,Van Wert County,1.103
OH,Vinton County,0.952
OH,Warren County,1.336
OH,Washington County,1.029
OH,Wayne County,1.068
OH,Williams County,1.082
OH,Wood County,1.23
OH,Wyandot County,1.091
OK,Adair County,0.696
OK,Alfalfa County,1.099
OK,Atoka County,0.75
OK,Beaver County,0.872
OK,Beckham County,0.934
OK,Blaine County,0.902
OK,Bryan County,0.89
OK,Caddo County,0.943
OK,Canadian County,1.153
OK,Carter County,0.997
OK,Cherokee County,0.885
OK,Choctaw County,0.819
OK,Cimarron County,0.91
OK,Cleveland County,1.101
OK,Coal County,0.865
OK,Comanche County,0.984
OK,Cotton County,0.902
OK,Craig County,0.798
OK,Creek County,0.97
OK,Custer County,1.005
OK,Delaware County,0.816
OK,Dewey County,0.985
OK,Ellis County,0.998
OK,Garfield County,0.989
OK,Garvin County,0.967
OK,Grady County,1.094
OK,Grant County,1.038
OK,Greer County,0.895
OK,Harmon County,0.965
OK,Harper County,0.98
OK,Haskell County,0.9
OK,Hughes County,0.856
OK,Jackson County,0.973
OK,Jefferson County,0.801
OK,Johnston County,0.815
OK,Kay County,0.935
OK,Kingfisher County,1.016
OK,Kiowa County,0.865
OK,Latimer County,0.84
OK,Le Flore County,0.787
OK,Lincoln County,0.992
OK,Logan County,1.166
OK,Love County,0.942
OK,McClain County,1.156
OK,McCurtain County,0.764
OK,McIntosh County,0.834
OK,Major County,0.952
OK,Marshall County,0.827
OK,Mayes County,0.976
OK,Murray County,0.996
OK,Muskogee County,0.932
OK,Noble County,1.004
OK,Nowata County,0.857
OK,Okfuskee County,0.755
OK,Oklahoma County,1.021
OK,Okmulgee County,0.892
OK,Osage County,0.948
OK,Ottawa County,0.804
OK,Pawnee County,0.9
OK,Payne County,0.98
OK,Pittsburg County,0.994
OK,Pontotoc County,1.035
OK,Pottawatomie County,0.99
OK,Pushmataha County,0.768
OK,Roger Mills County,0.952
OK,Rogers County,1.124
OK,Seminole County,0.842
OK,Sequoyah County,0.77
OK,Stephens County,0.953
OK,Texas County,0.927
OK,Tillman County,0.787
OK,Tulsa County,1.04
OK,Wagoner County,1.08
OK,Washington County,1.076
OK,Washita County,1.014
OK,Woods County,1.153
OK,Woodward County,1.126
OR,Baker County,0.858
OR,Benton County,0.978
OR,Clackamas County,1.015
OR,Clatsop County,0.958
OR,Columbia County,0.934
OR,Coos County,0.833
OR,Crook County,0.777
OR,Curry County,0.826
OR,Deschutes County,0.916
OR,Douglas County,0.744
OR,Gilliam County,0.856
OR,Grant County,0.805
OR,Harney County,0.714
OR,Hood River County,0.915
OR,Jackson County,0.838
OR,Jefferson County,0.886
OR,Josephine County,0.716
OR,Klamath County,0.816
OR,Lake County,0.802
OR,Lane County,0.837
OR,Lincoln County,0.763
OR,Linn County,0.871
OR,Malheur County,0.762
OR,Marion County,0.927
OR,Morrow County,0.879
OR,Multnomah County,0.898
OR,Polk County,1.026
OR,Sherman County,0.856
OR,Tillamook County,0.842
OR,Umatilla County,0.941
OR,Union County,0.9
OR,Wallowa County,0.94
OR,Wasco County,0.805
OR,Washington County,0.986
OR,Wheeler County,0.595
OR,Yamhill County,0.862
PA,Adams County,1.097
PA,Allegheny County,1.201
PA,Armstrong County,1.013
PA,Beaver County,1.14
PA,Bedford County,1.047
PA,Berks County,1.084
PA,Blair County,1.077
PA,Bradford County,1.022
PA,Bucks County,1.286
PA,Butler County,1.282
PA,Cambria County,1.06
PA,Cameron County,0.899
PA,Carbon County,1.081
PA,Centre County,1.094
PA,Chester County,1.344
PA,Clarion County,1.008
PA,Clearfield County,0.998
PA,Clinton County,1.037
PA,Columbia County,0.961
PA,Crawford County,1.018
PA,Cumberland County,1.154
PA,Dauphin County,1.032
PA,Delaware County,1.24
PA,Elk County,1.102
PA,Erie County,1.043
PA,Fayette County,1.006
PA,Forest County,0.731
PA,Franklin County,1.081
PA,Fulton County,0.996
PA,Greene County,1.099
PA,Huntingdon County,1.08
PA,Indiana County,1.043
PA,Jefferson County,0.966
PA,Juniata County,1.075
PA,Lackawanna County,1.034
PA,Lancaster County,1.041
PA,Lawrence County,1
PA,Lebanon County,1.031
PA,Lehigh County,1.018
PA,Luzerne County,1.05
PA,Lycoming County,1.051
PA,McKean County,1.006
PA,Mercer County,1.024
PA,Mifflin County,0.93
PA,Monroe County,1.024
PA,Montgomery County,1.284
PA,Montour County,1.124
PA,Northampton County,1.096
PA,Northumberland County,1.059
PA,Perry County,1.082
PA,Philadelphia County,0.767
PA,Pike County,1.018
PA,Potter County,0.894
PA,Schuylkill County,1.089
PA,Snyder County,1.06
PA,Somerset County,1.056
PA,Sullivan County,0.975
PA,Susquehanna County,1.017
PA,Tioga County,0.969
PA,Union County,1.143
PA,Venango County,1.039
PA,Warren County,1.032
PA,Washington County,1.168
PA,Wayne County,1.05
PA,Westmoreland County,1.188
PA,Wyoming County,1.055
PA,York County,1.084
RI,Bristol County,1.397
RI,Kent County,1.23
RI,Newport County,1.048
RI,Providence County,1.055
RI,Washington County,1.307
SC,Abbeville County,0.927
SC,Aiken County,0.986
SC,Allendale County,0.855
SC,Anderson County,1.008
SC,Bamberg County,0.92
SC,Barnwell County,0.907
SC,Beaufort County,1.022
SC,Berkeley County,0.962
SC,Calhoun County,1.034
SC,Charleston County,1.099
SC,Cherokee County,0.876
SC,Chester County,0.935
SC,Chesterfield County,0.879
SC,Clarendon County,0.944
SC,Colleton County,0.776
SC,Darlington County,0.916
SC,Dillon County,0.746
SC,Dorchester County,1.062
SC,Edgefield County,1.062
SC,Fairfield County,0.763
SC,Florence County,0.929
SC,Georgetown County,1.041
SC,Greenville County,1.115
SC,Greenwood County,0.975
SC,Hampton County,0.752
SC,Horry County,0.924
SC,Jasper County,0.811
SC,Kershaw County,0.99
SC,Lancaster County,1.117
SC,Laurens County,0.907
SC,Lee County,0.824
SC,Lexington County,1.081
SC,McCormick County,1.084
SC,Marion County,0.732
SC,Marlboro County,0.775
SC,Newberry County,0.986
SC,Oconee County,1.073
SC,Orangeburg County,0.89
SC,Pickens County,1.002
SC,Richland County,1.065
SC,Saluda County,0.906
SC,Spartanburg County,0.978
SC,Sumter County,0.865
SC,Union County,0.865
SC,Williamsburg County,0.83
SC,York County,1.142
SD,Aurora County,1.124
SD,Beadle County,1.041
SD,Bennett County,0.749
SD,Bon Homme County,1.085
SD,Brookings County,1.325
SD,Brown County,1.349
SD,Brule County,1.032
SD,Buffalo County,0.522
SD,Butte County,0.892
SD,Campbell County,0.991
SD,Charles Mix County,0.924
SD,Clark County,0.994
SD,Clay County,1.371
SD,Codington County,1.153
SD,Corson County,0.628
SD,Custer County,0.958
SD,Davison County,1.119
SD,Day County,0.92
SD,Deuel County,1.069
SD,Dewey County,0.786
SD,Douglas County,1.054
SD,Edmunds County,1.197
SD,Fall River County,0.902
SD,Faulk County,1.23
SD,Grant County,1.131
SD,Gregory County,0.898
SD,Haakon County,0.661
SD,Hamlin County,1.071
SD,Hand County,1.1
SD,Hanson County,1.107
SD,Harding County,0.985
SD,Hughes County,1.387
SD,Hutchinson County,1.14
SD,Hyde County,1.056
SD,Jackson County,0.58
SD,Jerauld County,1.04
SD,Jones County,0.762
SD,Kingsbury County,1.077
SD,Lake County,1.209
SD,Lawrence County,1.052
SD,Lincoln County,1.325
SD,Lyman County,0.912
SD,McCook County,1.141
SD,McPherson County,1.037
SD,Marshall County,1.118
SD,Meade County,1.035
SD,Mellette County,0.605
SD,Miner County,1.018
SD,Minnehaha County,1.248
SD,Moody County,1.16
SD,Oglala Lakota County,0.5
SD,Pennington County,1.041
SD,Perkins County,1.026
SD,Potter County,1.015
SD,Roberts County,0.902
SD,Sanborn County,1.066
SD,Spink County,1.08
SD,Stanley County,1.308
SD,Sully County,1.04
SD,Todd County,0.372
SD,Tripp County,1.014
SD,Turner County,1.117
SD,Union County,1.401
SD,Walworth County,1.093
SD,Yankton County,1.126
SD,Ziebach County,0.583
TN,Anderson County,0.985
TN,Bedford County,0.964
TN,Benton County,0.915
TN,Bledsoe County,0.923
TN,Blount County,1.092
TN,Bradley County,1.003
TN,Campbell County,0.856
TN,Cannon County,1.125
TN,Carroll County,1.036
TN,Carter County,0.912
TN,Cheatham County,1.053
TN,Chester County,1.068
TN,Claiborne County,0.889
TN,Clay County,0.757
TN,Cocke County,0.799
TN,Coffee County,1.062
TN,Crockett County,0.989
TN,Cumberland County,0.985
TN,Davidson County,1.034
TN,Decatur County,0.928
TN,DeKalb County,1.028
TN,Dickson County,1.022
TN,Dyer County,0.984
TN,Fayette County,1.19
TN,Fentress County,0.779
TN,Franklin County,1.065
TN,Gibson County,0.986
TN,Giles County,1.087
TN,Grainger County,0.922
TN,Greene County,0.902
TN,Grundy County,0.898
TN,Hamblen County,0.974
TN,Hamilton County,1.138
TN,Hancock County,0.788
TN,Hardeman County,0.871
TN,Hardin County,0.897
TN,Hawkins County,0.922
TN,Haywood County,0.944
TN,Henderson County,1.012
TN,Henry County,0.934
TN,Hickman County,0.9
TN,Houston County,0.947
TN,Humphreys County,0.957
TN,Jackson County,0.867
TN,Jefferson County,1.03
TN,Johnson County,0.751
TN,Knox County,1.152
TN,Lake County,0.815
TN,Lauderdale County,0.834
TN,Lawrence County,0.942
TN,Lewis County,0.906
TN,Lincoln County,1.047
TN,Loudon County,1.063
TN,McMinn County,0.954
TN,McNairy County,0.891
TN,Macon County,0.93
TN,Madison County,0.948
TN,Marion County,0.973
TN,Marshall County,1.06
TN,Maury County,1.025
TN,Meigs County,1
TN,Monroe County,0.976
TN,Montgomery County,1.047
TN,Moore County,1.17
TN,Morgan County,0.865
TN,Obion County,0.934
TN,Overton County,0.921
TN,Perry County,0.891
TN,Pickett County,0.805
TN,Polk County,0.962
TN,Putnam County,0.971
TN,Rhea County,1.011
TN,Roane County,1.179
TN,Robertson County,1.071
TN,Rutherford County,1.134
TN,Scott County,0.815
TN,Sequatchie County,0.955
TN,Sevier County,0.952
TN,Shelby County,1.052
TN,Smith County,1.058
TN,Stewart County,0.979
TN,Sullivan County,1.014
TN,Sumner County,1.145
TN,Tipton County,1.145
TN,Trousdale County,1.013
TN,Unicoi County,0.882
TN,Union County,0.87
TN,Van Buren County,0.92
TN,Warren County,0.938
TN,Washington County,1.082
TN,Wayne County,0.91
TN,Weakley County,0.975
TN,White County,0.893
TN,Williamson County,1.527
TN,Wilson County,1.218
TX,Anderson County,0.898
TX,Andrews County,1.268
TX,Angelina County,0.977
TX,Aransas County,0.911
TX,Archer County,1.299
TX,Armstrong County,1.2
TX,Atascosa County,0.944
TX,Austin County,1.171
TX,Bailey County,0.996
TX,Bandera County,0.979
TX,Bastrop County,1.025
TX,Baylor County,0.921
TX,Bee County,0.799
TX,Bell County,1.055
TX,Bexar County,1.038
TX,Blanco County,1.085
TX,Borden County,1.484
TX,Bosque County,1.052
TX,Bowie County,1.049
TX,Brazoria County,1.351
TX,Brazos County,1.121
TX,Brewster County,1.114
TX,Briscoe County,0.874
TX,Brooks County,0.546
TX,Brown County,1.01
TX,Burleson County,1.122
TX,Burnet County,1.084
TX,Caldwell County,0.878
TX,Calhoun County,1.155
TX,Callahan County,1.004
TX,Cameron County,0.808
TX,Camp County,0.961
TX,Carson County,1.465
TX,Cass County,0.92
TX,Castro County,0.981
TX,Chambers County,1.49
TX,Cherokee County,0.967
TX,Childress County,1.05
TX,Clay County,1.078
TX,Cochran County,0.947
TX,Coke County,1.079
TX,Coleman County,0.949
TX,Collin County,1.411
TX,Collingsworth County,0.831
TX,Colorado County,1.014
TX,Comal County,1.31
TX,Comanche County,1.005
TX,Concho County,0.972
TX,Cooke County,1.11
TX,Coryell County,0.971
TX,Cottle County,0.674
TX,Crane County,1.198
TX,Crockett County,0.917
TX,Crosby County,0.835
TX,Culberson County,0.689
TX,Dallam County,1.136
TX,Dallas County,0.941
TX,Dawson County,0.929
TX,Deaf Smith County,0.896
TX,Delta County,1.026
TX,Denton County,1.361
TX,DeWitt County,1.127
TX,Dickens County,0.964
TX,Dimmit County,0.564
TX,Donley County,0.868
TX,Duval County,0.835
TX,Eastland County,0.844
TX,Ector County,1.13
TX,Edwards County,0.94
TX,Ellis County,1.173
TX,El Paso County,0.891
TX,Erath County,1.127
TX,Falls County,0.87
TX,Fannin County,1.089
TX,Fayette County,1.121
TX,Fisher County,1.01
TX,Floyd County,0.877
TX,Foard County,0.809
TX,Fort Bend County,1.386
TX,Franklin County,1.063
TX,Freestone County,1.117
TX,Frio County,0.851
TX,Gaines County,1.185
TX,Galveston County,1.282
TX,Garza County,1.096
TX,Gillespie County,1.098
TX,Glasscock County,1.193
TX,Goliad County,1.302
TX,Gonzales County,1.045
TX,Gray County,1.026
TX,Grayson County,1.037
TX,Gregg County,1.015
TX,Grimes County,0.952
TX,Guadalupe County,1.212
TX,Hale County,0.918
TX,Hall County,0.713
TX,Hamilton County,1.1
TX,Hansford County,0.68
TX,Hardeman County,0.871
TX,Hardin County,1.225
TX,Harris County,1.052
TX,Harrison County,1.083
TX,Hartley County,1.047
TX,Haskell County,0.872
TX,Hays County,1.152
TX,Hemphill County,1.279
TX,Henderson County,0.974
TX,Hidalgo County,0.787
TX,Hill County,1.074
TX,Hockley County,0.924
TX,Hood County,1.139
TX,Hopkins County,1.045
TX,Houston County,0.841
TX,Howard County,1.054
TX,Hudspeth County,0.498
TX,Hunt County,0.955
TX,Hutchinson County,1.009
TX,Irion County,1.028
TX,Jack County,1.019
TX,Jackson County,1.156
TX,Jasper County,0.993
TX,Jeff Davis County,0.976
TX,Jefferson County,1.04
TX,Jim Hogg County,0.71
TX,Jim Wells County,0.921
TX,Johnson County,1.033
TX,Jones County,1
TX,Karnes County,1.142
TX,Kaufman County,1.072
TX,Kendall County,1.379
TX,Kenedy County,0.689
TX,Kent County,1.148
TX,Kerr County,1.034
TX,Kimble County,0.926
TX,King County,0.773
TX,Kinney County,0.923
TX,Kleberg County,0.852
TX,Knox County,1.019
TX,Lamar County,0.967
TX,Lamb County,0.925
TX,Lampasas County,1.171
TX,La Salle County,0.943
TX,Lavaca County,1.14
TX,Lee County,0.949
TX,Leon County,0.917
TX,Liberty County,0.932
TX,Limestone County,0.949
TX,Lipscomb County,1.028
TX,Live Oak County,1.126
TX,Llano County,1.007
TX,Loving County,1.56
TX,Lubbock County,1.085
TX,Lynn County,0.878
TX,McCulloch County,0.947
TX,McLennan County,1.047
TX,McMullen County,1.011
TX,Madison County,1.003
TX,Marion County,0.846
TX,Martin County,1.292
TX,Mason County,1.025
TX,Matagorda County,0.953
TX,Maverick County,0.818
TX,Medina County,1.172
TX,Menard County,0.861
TX,Midland County,1.365
TX,Milam County,1.027
TX,Mills County,1.023
TX,Mitchell County,1.268
TX,Montague County,0.956
TX,Montgomery County,1.313
TX,Moore County,0.964
TX,Morris County,0.898
TX,Motley County,1.026
TX,Nacogdoches County,0.994
TX,Navarro County,0.944
TX,Newton County,0.844
TX,Nolan County,0.953
TX,Nueces County,1.031
TX,Ochiltree County,0.998
TX,Oldham County,1.125
TX,Orange County,1.185
TX,Palo Pinto County,0.939
TX,Panola County,1.029
TX,Parker County,1.206
TX,Parmer County,1.053
TX,Pecos County,0.994
TX,Polk County,0.992
TX,Potter County,0.863
TX,Presidio County,0.561
TX,Rains County,1.146
TX,Randall County,1.293
TX,Reagan County,1.263
TX,Real County,0.84
TX,Red River County,0.882
TX,Reeves County,1.012
TX,Refugio County,1.017
TX,Roberts County,1.097
TX,Robertson County,0.975
TX,Rockwall County,1.391
TX,Runnels County,0.905
TX,Rusk County,1.076
TX,Sabine County,0.841
TX,San Augustine County,0.8
TX,San Jacinto County,0.922
TX,San Patricio County,0.914
TX,San Saba County,0.968
TX,Schleicher County,1.043
TX,Scurry County,1.088
TX,Shackelford County,0.881
TX,Shelby County,0.845
TX,Sherman County,1.006
TX,Smith County,1.068
TX,Somervell County,0.971
TX,Starr County,0.592
TX,Stephens County,0.867
TX,Sterling County,1.028
TX,Stonewall County,1.113
TX,Sutton County,0.963
TX,Swisher County,0.776
TX,Tarrant County,1.09
TX,Taylor County,1.032
TX,Terrell County,0.88
TX,Terry County,0.81
TX,Throckmorton County,0.964
TX,Titus County,0.938
TX,Tom Green County,1.074
TX,Travis County,1.229
TX,Trinity County,0.88
TX,Tyler County,1.039
TX,Upshur County,1.041
TX,Upton County,1.201
TX,Uvalde County,0.897
TX,Val Verde County,0.902
TX,Van Zandt County,1.041
TX,Victoria County,1.043
TX,Walker County,1.006
TX,Waller County,1.06
TX,Ward County,1.106
TX,Washington County,1.111
TX,Webb County,0.808
TX,Wharton County,1.01
TX,Wheeler County,0.923
TX,Wichita County,0.997
TX,Wilbarger County,0.913
TX,Willacy County,0.717
TX,Williamson County,1.277
TX,Wilson County,1.297
TX,Winkler County,1.051
TX,Wise County,1.06
TX,Wood County,1.057
TX,Yoakum County,1.127
TX,Young County,1.088
TX,Zapata County,0.725
TX,Zavala County,0.644
UT,Beaver County,0.997
UT,Box Elder County,1.01
UT,Cache County,0.988
UT,Carbon County,0.963
UT,Daggett County,1.373
UT,Davis County,1.218
UT,Duchesne County,1.042
UT,Emery County,1.041
UT,Garfield County,0.977
UT,Grand County,0.899
UT,Iron County,0.916
UT,Juab County,0.972
UT,Kane County,0.994
UT,Millard County,0.997
UT,Morgan County,1.188
UT,Piute County,0.826
UT,Rich County,0.911
UT,Salt Lake County,1.139
UT,San Juan County,0.763
UT,Sanpete County,0.916
UT,Sevier County,0.911
UT,Summit County,1.444
UT,Tooele County,1.144
UT,Uintah County,1.073
UT,Utah County,1.131
UT,Wasatch County,1.291
UT,Washington County,0.925
UT,Wayne County,0.863
UT,Weber County,1.085
VT,Addison County,0.996
VT,Bennington County,0.925
VT,Caledonia County,0.847
VT,Chittenden County,1.035
VT,Essex County,0.716
VT,Franklin County,0.92
VT,Grand Isle County,0.991
VT,Lamoille County,0.936
VT,Orange County,0.928
VT,Orleans County,0.758
VT,Rutland County,0.929
VT,Washington County,1.012
VT,Windham County,0.844
VT,Windsor County,0.989
VA,Accomack County,1.015
VA,Albemarle County,1.205
VA,Alleghany County,1.027
VA,Amelia County,1.195
VA,Amherst County,1.151
VA,Appomattox County,1.116
VA,Arlington County,1.473
VA,Augusta County,1.06
VA,Bath County,1.029
VA,Bedford County,1.161
VA,Bland County,0.937
VA,Botetourt County,1.277
VA,Brunswick County,0.874
VA,Buchanan County,0.714
VA,Buckingham County,1.018
VA,Campbell County,1.051
VA,Caroline County,1.108
VA,Carroll County,0.962
VA,Charles City County,1.112
VA,Charlotte County,0.989
VA,Chesterfield County,1.15
VA,Clarke County,1.384
VA,Craig County,1.28
VA,Culpeper County,1.238
VA,Cumberland County,0.998
VA,Dickenson County,0.747
VA,Dinwiddie County,1.037
VA,Essex County,0.917
VA,Fairfax County,1.389
VA,Fauquier County,1.482
VA,Floyd County,1.039
VA,Fluvanna County,1.217
VA,Franklin County,1.043
VA,Frederick County,1.195
VA,Giles County,1.002
VA,Gloucester County,1.177
VA,Goochland County,1.389
VA,Grayson County,0.856
VA,Greene County,1.019
VA,Greensville County,0.921
VA,Halifax County,1.031
VA,Hanover County,1.298
VA,Henrico County,1.176
VA,Henry County,0.92
VA,Highland County,0.853
VA,Isle of Wight County,1.291
VA,James City County,1.31
VA,King and Queen County,1.085
VA,King George County,1.348
VA,King William County,1.038
VA,Lancaster County,1.132
VA,Lee County,0.842
VA,Loudoun County,1.52
VA,Louisa County,1.084
VA,Lunenburg County,0.911
VA,Madison County,0.967
VA,Mathews County,0.953
VA,Mecklenburg County,1.001
VA,Middlesex County,1.056
VA,Montgomery County,1.125
VA,Nelson County,1.137
VA,New Kent County,1.29
VA,Northampton County,1.011
VA,Northumberland County,1.062
VA,Nottoway County,0.979
VA,Orange County,1.222
VA,Page County,1.029
VA,Patrick County,1.071
VA,Pittsylvania County,1
VA,Powhatan County,1.333
VA,Prince Edward County,1.077
VA,Prince George County,1.099
VA,Prince William County,1.26
VA,Pulaski County,1.051
VA,Rappahannock County,1.32
VA,Richmond County,0.907
VA,Roanoke County,1.208
VA,Rockbridge County,1.097
VA,Rockingham County,1.076
VA,Russell County,0.866
VA,Scott County,0.945
VA,Shenandoah County,1.095
VA,Smyth County,0.928
VA,Southampton County,1.079
VA,Spotsylvania County,1.181
VA,Stafford County,1.385
VA,Surry County,1.124
VA,Sussex County,0.898
VA,Tazewell County,0.965
VA,Warren County,1.228
VA,Washington County,1.043
VA,Westmoreland County,1.147
VA,Wise County,0.875
VA,Wythe County,1.09
VA,York County,1.254
VA,Alexandria city,1.284
VA,Bristol city,0.952
VA,Buena Vista city,0.626
VA,Charlottesville city,1.097
VA,Chesapeake city,1.15
VA,Colonial Heights city,1
VA,Covington city,0.955
VA,Danville city,0.925
VA,Emporia city,0.645
VA,Fairfax city,1.415
VA,Falls Church city,1.686
VA,Franklin city,0.729
VA,Fredericksburg city,1.102
VA,Galax city,0.742
VA,Hampton city,0.989
VA,Harrisonburg city,0.971
VA,Hopewell city,0.719
VA,Lexington city,1.17
VA,Lynchburg city,0.984
VA,Manassas city,0.992
VA,Manassas Park city,0.893
VA,Martinsville city,0.839
VA,Newport News city,0.941
VA,Norfolk city,0.892
VA,Norton city,0.872
VA,Petersburg city,0.75
VA,Poquoson city,1.317
VA,Portsmouth city,0.878
VA,Radford city,1.073
VA,Richmond city,0.885
VA,Roanoke city,0.873
VA,Salem city,1.106
VA,Staunton city,1.09
VA,Suffolk city,1.145
VA,Virginia Beach city,1.093
VA,Waynesboro city,0.956
VA,Williamsburg city,1.154
VA,Winchester city,1.012
WA,Adams County,0.854
WA,Asotin County,1.008
WA,Benton County,1.194
WA,Chelan County,0.949
WA,Clallam County,0.939
WA,Clark County,1.022
WA,Columbia County,1.259
WA,Cowlitz County,0.953
WA,Douglas County,0.946
WA,Ferry County,0.881
WA,Franklin County,1.04
WA,Garfield County,1.077
WA,Grant County,0.963
WA,Grays Harbor County,0.922
WA,Island County,0.958
WA,Jefferson County,0.92
WA,King County,1.173
WA,Kitsap County,1.07
WA,Kittitas County,1.051
WA,Klickitat County,0.985
WA,Lewis County,0.968
WA,Lincoln County,0.94
WA,Mason County,0.973
WA,Okanogan County,0.834
WA,Pacific County,0.916
WA,Pend Oreille County,0.915
WA,Pierce County,1.058
WA,San Juan County,0.953
WA,Skagit County,0.964
WA,Skamania County,1.009
WA,Snohomish County,1.06
WA,Spokane County,1.068
WA,Stevens County,0.957
WA,Thurston County,1.106
WA,Wahkiakum County,0.977
WA,Walla Walla County,1.061
WA,Whatcom County,0.996
WA,Whitman County,1.079
WA,Yakima County,0.892
WV,Barbour County,0.782
WV,Berkeley County,0.893
WV,Boone County,0.702
WV,Braxton County,0.732
WV,Brooke County,0.982
WV,Cabell County,0.774
WV,Calhoun County,0.668
WV,Clay County,0.675
WV,Doddridge County,0.889
WV,Fayette County,0.729
WV,Gilmer County,0.851
WV,Grant County,0.918
WV,Greenbrier County,0.738
WV,Hampshire County,0.793
WV,Hancock County,0.807
WV,Hardy County,0.799
WV,Harrison County,0.975
WV,Jackson County,0.868
WV,Jefferson County,1.169
WV,Kanawha County,0.828
WV,Lewis County,0.782
WV,Lincoln County,0.688
WV,Logan County,0.714
WV,McDowell County,0.474
WV,Marion County,0.869
WV,Marshall County,0.871
WV,Mason County,0.805
WV,Mercer County,0.773
WV,Mineral County,0.896
WV,Mingo County,0.651
WV,Monongalia County,1.001
WV,Monroe County,0.747
WV,Morgan County,0.859
WV,Nicholas County,0.712
WV,Ohio County,0.992
WV,Pendleton County,0.722
WV,Pleasants County,1.018
WV,Pocahontas County,0.793
WV,Preston County,0.905
WV,Putnam County,0.891
WV,Raleigh County,0.77
WV,Randolph County,0.84
WV,Ritchie County,0.758
WV,Roane County,0.74
WV,Summers County,0.716
WV,Taylor County,0.894
WV,Tucker County,0.841
WV,Tyler County,0.825
WV,Upshur County,0.81
WV,Wayne County,0.718
WV,Webster County,0.687
WV,Wetzel County,0.772
WV,Wirt County,0.834
WV,Wood County,0.833
WV,Wyoming County,0.73
WI,Adams County,0.929
WI,Ashland County,0.878
WI,Barron County,0.967
WI,Bayfield County,0.962
WI,Brown County,1.083
WI,Buffalo County,0.989
WI,Burnett County,0.881
WI,Calumet County,1.214
WI,Chippewa County,0.946
WI,Clark County,0.954
WI,Columbia County,1.158
WI,Crawford County,0.997
WI,Dane County,1.174
WI,Dodge County,1.127
WI,Door County,1.08
WI,Douglas County,0.974
WI,Dunn County,1.047
WI,Eau Claire County,1.048
WI,Florence County,0.921
WI,Fond du Lac County,1.122
WI,Forest County,0.806
WI,Grant County,1.133
WI,Green County,1.138
WI,Green Lake County,1.086
WI,Iowa County,1.161
WI,Iron County,0.835
WI,Jackson County,0.995
WI,Jefferson County,1.111
WI,Juneau County,0.976
WI,Kenosha County,1.02
WI,Kewaunee County,1.141
WI,La Crosse County,1.038
WI,Lafayette County,1.097
WI,Langlade County,0.988
WI,Lincoln County,1.109
WI,Manitowoc County,1.14
WI,Marathon County,1.06
WI,Marinette County,0.935
WI,Marquette County,1.014
WI,Menominee County,0.667
WI,Milwaukee County,0.844
WI,Monroe County,1.013
WI,Oconto County,1.156
WI,Oneida County,1.046
WI,Outagamie County,1.087
WI,Ozaukee County,1.291
WI,Pepin County,0.993
WI,Pierce County,1.125
WI,Polk County,1.029
WI,Portage County,1.138
WI,Price County,0.913
WI,Racine County,1.047
WI,Richland County,0.966
WI,Rock County,0.979
WI,Rusk County,0.822
WI,St. Croix County,1.196
WI,Sauk County,1.099
WI,Sawyer County,0.872
WI,Shawano County,1.04
WI,Sheboygan County,1.066
WI,Taylor County,0.949
WI,Trempealeau County,1.026
WI,Vernon County,1.015
WI,Vilas County,0.885
WI,Walworth County,1.15
WI,Washburn County,0.962
WI,Washington County,1.235
WI,Waukesha County,1.281
WI,Waupaca County,1.022
WI,Waushara County,0.99
WI,Winnebago County,1.037
WI,Wood County,1.042
WY,Albany County,1.131
WY,Big Horn County,0.923
WY,Campbell County,1.199
WY,Carbon County,0.993
WY,Converse County,1.185
WY,Crook County,1.101
WY,Fremont County,0.982
WY,Goshen County,0.946
WY,Hot Springs County,1.097
WY,Johnson County,1.027
WY,Laramie County,1.111
WY,Lincoln County,1.054
WY,Natrona County,1.115
WY,Niobrara County,0.664
WY,Park County,1.027
WY,Platte County,0.991
WY,Sheridan County,1.132
WY,Sublette County,1.059
WY,Sweetwater County,1.226
WY,Teton County,1.099
WY,Uinta County,1.152
WY,Washakie County,0.993
WY,Weston County,1.05